fecha,tema
2020-11-115:3,darle comida al gato xd
2020-11-115:3,darle comida al gato xd
2020-11-518:56,darle comida al gato xd
2020-11-115:3,darle comida al gato xd
fecha: 2020-11-5 hora: 19:53,"darle comida , xdal gato xd"
fecha: 2020-11-1 hora: 15:3,"darle comida , xdal gato xd"
fecha: 2020-11-05 hora: 20:41,"darle comida , xdal gato xd"
fecha: 2020-11-05 hora: 15:13,"darle comida , xdal gato xd"
fecha: 2020-11-05 hora: 20:58,dormir por toda la noche
fecha: 2020-11-05 hora: 21:8,dormir por toda la noche
fecha: 2020-11-05 hora: 22:26,dormir por toda la noche
